Section,One_Drive_URL
Kitchen_001,https://1drv.ms/i/s!AtmWrTOV_Uozg4Rl_FXzpI7U-tSRyw?e=yenddi
Kitchen_002,https://1drv.ms/i/s!AtmWrTOV_Uozg4Rm6rbWGjFTInrvgQ?e=FfzneH
Kitchen_003,https://1drv.ms/i/s!AtmWrTOV_Uozg4Rn_z_UxWEqG-dHmg?e=rzAQ6g
Kitchen_004,https://1drv.ms/i/s!AtmWrTOV_Uozg4RoJ4WEDPNXHUFNMw?e=QEwbiA
BedRoom_001,https://1drv.ms/i/s!AtmWrTOV_Uozg4RhWx_KTfrmzfPjCw?e=14VOCG
BedRoom_002,https://1drv.ms/f/s!AtmWrTOV_Uozg4RuIzXB8gGVtTJGqg?e=Kq64Ni
BedRoom_003,https://1drv.ms/f/s!AtmWrTOV_Uozg4RvXtHNKL8CMevxxQ?e=Jzxwdw
BedRoom_004,https://1drv.ms/f/s!AtmWrTOV_Uozg4RwSOaaVelL30l5vg?e=HaiS4W
BathRoom_001,https://1drv.ms/f/s!AtmWrTOV_Uozg4Rx_BGLW1EYT9kvRw?e=Jbb2fR
BathRoom_002,https://1drv.ms/f/s!AtmWrTOV_Uozg4RySnw4GAHo2fJF4Q?e=o493q0
BathRoom_003,https://1drv.ms/f/s!AtmWrTOV_Uozg4RzzKkE8SqK7c6-OA?e=QvbIuy
BathRoom_004,https://1drv.ms/f/s!AtmWrTOV_Uozg4R0c-tRUnN0Rxlakw?e=kdDya4
LivingRoom_001,https://1drv.ms/i/s!AtmWrTOV_Uozg4RqpSDtYHPA5WQCQA?e=J5vIBf
LivingRoom_002,https://1drv.ms/i/s!AtmWrTOV_Uozg4RpZG-K1_LV2UGO8Q?e=AZwnBe
LivingRoom_003,https://1drv.ms/i/s!AtmWrTOV_Uozg4Rrh2-bWod8lvi80w?e=tHdXhE
LivingRoom_004,https://1drv.ms/i/s!AtmWrTOV_Uozg4RsZAA5WcfbwhcWgg?e=8xfJgd
